task ID,result
1,0.0179453
3,1.99913
5,0.746562
7,9.3974
9,7.80164
11,0.691905
13,0.552154
15,0.149376
17,0.129101
19,6.66141
21,-0.0748969
23,0.777621
25,3.58009
27,-0.607834
29,1.78869
2,6.87509
6,-0.517377
10,8.26605
14,1013.83
18,-0.626435
22,5.46153
26,0.446408
4,7.46223
12,0.868206
20,51139.8
28,9.73484
8,-0.763631
24,-0.323814
16,3.92258
