task ID,result
1,1.38672
3,4.05028
5,552.435
7,6.61737
9,0.833565
11,0.152722
13,9.07991
15,-0.718874
17,1.45706
19,9.63694
21,-0.832139
23,0.000675895
25,5.93769
27,0.847654
29,3.40252
2,10.1264
6,-0.629658
10,6.00638
14,0.28352
18,0.209402
22,9.35843
26,0.26897
4,0.707522
12,-0.0793813
20,519.564
28,6.74015
8,1.46441
24,0.8375
16,6.82494
